,x1,x2,y
0,0.25,0.0,0.5040149559907612
1,0.25,0.034482758620689655,0.11433063096206379
2,0.25,0.06896551724137931,0.2796394240302112
3,0.25,0.10344827586206896,0.6402551997718451
4,0.25,0.13793103448275862,0.533587997185705
5,0.25,0.1724137931034483,-0.2792222513932603
6,0.25,0.20689655172413793,0.2714538335787398
7,0.25,0.24137931034482757,-0.04324491665648511
8,0.25,0.27586206896551724,-0.0294911005124451
9,0.25,0.3103448275862069,0.1173138576966778
10,0.25,0.3448275862068966,0.04115530604596514
11,0.25,0.3793103448275862,0.41550671627513575
12,0.25,0.41379310344827586,0.21743935004199813
13,0.25,0.4482758620689655,0.034764290426522404
14,0.25,0.48275862068965514,0.12681806649869304
15,0.25,0.5172413793103449,0.09533552210693338
16,0.25,0.5517241379310345,0.42687973518788747
17,0.25,0.5862068965517241,-0.05861664679022882
18,0.25,0.6206896551724138,0.0894479147574004
19,0.25,0.6551724137931034,-0.24402735408620707
20,0.25,0.6896551724137931,-0.7294256616668796
21,0.25,0.7241379310344828,0.18674817012581732
22,0.25,0.7586206896551724,0.24698177110271594
23,0.25,0.7931034482758621,-0.21204714868755484
24,0.25,0.8275862068965517,0.6485013211393165
25,0.25,0.8620689655172413,-0.4155330498853614
26,0.25,0.896551724137931,0.013073862086127448
27,0.25,0.9310344827586207,-0.05348110000738103
28,0.25,0.9655172413793103,0.4379369183881307
29,0.25,1.0,0.41981679140008143
30,0.2672413793103448,0.0,0.0442706930562618
31,0.2672413793103448,0.034482758620689655,0.1080464341720496
32,0.2672413793103448,0.06896551724137931,-0.25365307075146076
33,0.2672413793103448,0.10344827586206896,-0.5659418480639792
34,0.2672413793103448,0.13793103448275862,-0.09940347123604361
35,0.2672413793103448,0.1724137931034483,0.044671134029708584
36,0.2672413793103448,0.20689655172413793,0.35151162306506306
37,0.2672413793103448,0.24137931034482757,0.3435370996526889
38,0.2672413793103448,0.27586206896551724,-0.11066480497370065
39,0.2672413793103448,0.3103448275862069,-0.08637221445009588
40,0.2672413793103448,0.3448275862068966,-0.29958656144774076
41,0.2672413793103448,0.3793103448275862,-0.40571941062256434
42,0.2672413793103448,0.41379310344827586,-0.4875057687500036
43,0.2672413793103448,0.4482758620689655,0.5573643986376542
44,0.2672413793103448,0.48275862068965514,-0.145614909071901
45,0.2672413793103448,0.5172413793103449,-0.12516408617462468
46,0.2672413793103448,0.5517241379310345,-0.3579415314428361
47,0.2672413793103448,0.5862068965517241,0.22214010166626003
48,0.2672413793103448,0.6206896551724138,-0.4611136707308433
49,0.2672413793103448,0.6551724137931034,-0.06078293720399106
50,0.2672413793103448,0.6896551724137931,-0.2558475889124788
51,0.2672413793103448,0.7241379310344828,0.110543570816932
52,0.2672413793103448,0.7586206896551724,-0.145944325019678
53,0.2672413793103448,0.7931034482758621,-0.337323481177832
54,0.2672413793103448,0.8275862068965517,-0.008052065239615677
55,0.2672413793103448,0.8620689655172413,0.12238053443726218
56,0.2672413793103448,0.896551724137931,0.01900492068090511
57,0.2672413793103448,0.9310344827586207,0.08642054221136611
58,0.2672413793103448,0.9655172413793103,-0.18123488390884673
59,0.2672413793103448,1.0,-0.10364033313918232
60,0.28448275862068967,0.0,-0.1921315565074146
61,0.28448275862068967,0.034482758620689655,-0.10272947472586894
62,0.28448275862068967,0.06896551724137931,-0.2323275091555583
63,0.28448275862068967,0.10344827586206896,-0.49322360066619336
64,0.28448275862068967,0.13793103448275862,0.050693183501072235
65,0.28448275862068967,0.1724137931034483,-0.11479455320236054
66,0.28448275862068967,0.20689655172413793,-0.4657709562760127
67,0.28448275862068967,0.24137931034482757,0.13222350157879262
68,0.28448275862068967,0.27586206896551724,-0.25922810410949776
69,0.28448275862068967,0.3103448275862069,0.0148415416560397
70,0.28448275862068967,0.3448275862068966,0.20831158919358198
71,0.28448275862068967,0.3793103448275862,0.036852260216403046
72,0.28448275862068967,0.41379310344827586,0.32554305272665734
73,0.28448275862068967,0.4482758620689655,-0.35280737724390077
74,0.28448275862068967,0.48275862068965514,0.11495475462215686
75,0.28448275862068967,0.5172413793103449,-0.19566002598294663
76,0.28448275862068967,0.5517241379310345,-0.24879918548053764
77,0.28448275862068967,0.5862068965517241,-0.1653856185041187
78,0.28448275862068967,0.6206896551724138,-0.08901500917924933
79,0.28448275862068967,0.6551724137931034,0.016047240637070127
80,0.28448275862068967,0.6896551724137931,-0.3328999545095304
81,0.28448275862068967,0.7241379310344828,0.2573789962726249
82,0.28448275862068967,0.7586206896551724,0.13304641135155995
83,0.28448275862068967,0.7931034482758621,-0.4389267675077782
84,0.28448275862068967,0.8275862068965517,0.4252149125130285
85,0.28448275862068967,0.8620689655172413,0.5416826217230237
86,0.28448275862068967,0.896551724137931,0.3367941631884716
87,0.28448275862068967,0.9310344827586207,-0.051407095946385976
88,0.28448275862068967,0.9655172413793103,-0.30592932043158355
89,0.28448275862068967,1.0,0.30127192198032476
90,0.3017241379310345,0.0,-0.11519341342090847
91,0.3017241379310345,0.034482758620689655,0.349270020109265
92,0.3017241379310345,0.06896551724137931,0.05950713659338865
93,0.3017241379310345,0.10344827586206896,0.27903972470963223
94,0.3017241379310345,0.13793103448275862,0.10181897062125768
95,0.3017241379310345,0.1724137931034483,0.20187804805484233
96,0.3017241379310345,0.20689655172413793,0.0030000059202344226
97,0.3017241379310345,0.24137931034482757,0.5102487125445243
98,0.3017241379310345,0.27586206896551724,0.03626059791531998
99,0.3017241379310345,0.3103448275862069,0.11485410384134333
100,0.3017241379310345,0.3448275862068966,0.538043056301787
101,0.3017241379310345,0.3793103448275862,-0.3850740174692704
102,0.3017241379310345,0.41379310344827586,-0.3629957138530667
103,0.3017241379310345,0.4482758620689655,0.27697048804514607
104,0.3017241379310345,0.48275862068965514,-0.3351781157469028
105,0.3017241379310345,0.5172413793103449,0.5553203387569408
106,0.3017241379310345,0.5517241379310345,-0.1181768516456421
107,0.3017241379310345,0.5862068965517241,-0.21355851755450223
108,0.3017241379310345,0.6206896551724138,0.5494120075658242
109,0.3017241379310345,0.6551724137931034,0.42300422612412125
110,0.3017241379310345,0.6896551724137931,0.5335882744075914
111,0.3017241379310345,0.7241379310344828,0.2588699023643958
112,0.3017241379310345,0.7586206896551724,-0.24606448144420073
113,0.3017241379310345,0.7931034482758621,0.545732843742581
114,0.3017241379310345,0.8275862068965517,-0.0765723917003944
115,0.3017241379310345,0.8620689655172413,0.22927325594182718
116,0.3017241379310345,0.896551724137931,0.270643419363928
117,0.3017241379310345,0.9310344827586207,-0.04428859802595263
118,0.3017241379310345,0.9655172413793103,0.17545124867030865
119,0.3017241379310345,1.0,0.26348762044757906
120,0.31896551724137934,0.0,0.10755015175875127
121,0.31896551724137934,0.034482758620689655,-0.31411451159548415
122,0.31896551724137934,0.06896551724137931,0.08521090691601599
123,0.31896551724137934,0.10344827586206896,0.37896739905343724
124,0.31896551724137934,0.13793103448275862,-0.1984479599232473
125,0.31896551724137934,0.1724137931034483,-0.042752725807905935
126,0.31896551724137934,0.20689655172413793,-0.12432958620618213
127,0.31896551724137934,0.24137931034482757,0.528361065279812
128,0.31896551724137934,0.27586206896551724,0.19208421628926728
129,0.31896551724137934,0.3103448275862069,0.11641766749746012
130,0.31896551724137934,0.3448275862068966,-0.2199760212700904
131,0.31896551724137934,0.3793103448275862,0.15407119751194778
132,0.31896551724137934,0.41379310344827586,-0.19266647447353602
133,0.31896551724137934,0.4482758620689655,0.009094445221243195
134,0.31896551724137934,0.48275862068965514,-0.18167030810825172
135,0.31896551724137934,0.5172413793103449,0.19326665569899992
136,0.31896551724137934,0.5517241379310345,0.16474023331855456
137,0.31896551724137934,0.5862068965517241,-0.05951393016514139
138,0.31896551724137934,0.6206896551724138,0.11314477504618436
139,0.31896551724137934,0.6551724137931034,-0.31230328820871595
140,0.31896551724137934,0.6896551724137931,-0.4260735979158873
141,0.31896551724137934,0.7241379310344828,0.12554048607558196
142,0.31896551724137934,0.7586206896551724,0.04762099867786544
143,0.31896551724137934,0.7931034482758621,0.18143755339774467
144,0.31896551724137934,0.8275862068965517,0.6808985071039835
145,0.31896551724137934,0.8620689655172413,0.2698512819972611
146,0.31896551724137934,0.896551724137931,-0.26080635012690245
147,0.31896551724137934,0.9310344827586207,0.3191475108845294
148,0.31896551724137934,0.9655172413793103,-0.37597354586043463
149,0.31896551724137934,1.0,-0.13188131566134542
150,0.33620689655172414,0.0,-0.01949760152132321
151,0.33620689655172414,0.034482758620689655,0.48952649189981906
152,0.33620689655172414,0.06896551724137931,-0.21278709201383997
153,0.33620689655172414,0.10344827586206896,-0.2361252967597184
154,0.33620689655172414,0.13793103448275862,-0.028129292692980656
155,0.33620689655172414,0.1724137931034483,-0.18956522467488782
156,0.33620689655172414,0.20689655172413793,0.3218959777447163
157,0.33620689655172414,0.24137931034482757,-0.30855185953240666
158,0.33620689655172414,0.27586206896551724,-0.3278481864031721
159,0.33620689655172414,0.3103448275862069,-0.12509144135555259
160,0.33620689655172414,0.3448275862068966,-0.1422949859120871
161,0.33620689655172414,0.3793103448275862,0.5512948725191388
162,0.33620689655172414,0.41379310344827586,0.2712630876930745
163,0.33620689655172414,0.4482758620689655,0.02501464039576883
164,0.33620689655172414,0.48275862068965514,-0.3501244339514766
165,0.33620689655172414,0.5172413793103449,0.24124656468615632
166,0.33620689655172414,0.5517241379310345,-0.28577581353987563
167,0.33620689655172414,0.5862068965517241,-0.44136317050788904
168,0.33620689655172414,0.6206896551724138,0.3394370835292291
169,0.33620689655172414,0.6551724137931034,0.09055503197852846
170,0.33620689655172414,0.6896551724137931,0.26310252108023396
171,0.33620689655172414,0.7241379310344828,0.09106504369800605
172,0.33620689655172414,0.7586206896551724,0.24480874625791177
173,0.33620689655172414,0.7931034482758621,-0.18600731237147053
174,0.33620689655172414,0.8275862068965517,-0.29549795479556135
175,0.33620689655172414,0.8620689655172413,0.1947412909376077
176,0.33620689655172414,0.896551724137931,-0.22954561833538317
177,0.33620689655172414,0.9310344827586207,-0.197014222214343
178,0.33620689655172414,0.9655172413793103,-0.13015214386209803
179,0.33620689655172414,1.0,0.004994045435730494
180,0.35344827586206895,0.0,-0.10114111750099541
181,0.35344827586206895,0.034482758620689655,-0.3928432266908625
182,0.35344827586206895,0.06896551724137931,-0.18389097223796871
183,0.35344827586206895,0.10344827586206896,-0.6352580434926933
184,0.35344827586206895,0.13793103448275862,0.17863755743633927
185,0.35344827586206895,0.1724137931034483,-0.457730758744785
186,0.35344827586206895,0.20689655172413793,-0.3155380969795573
187,0.35344827586206895,0.24137931034482757,0.0149043083602784
188,0.35344827586206895,0.27586206896551724,-0.21130371325466094
189,0.35344827586206895,0.3103448275862069,0.44086131297335307
190,0.35344827586206895,0.3448275862068966,-0.3693876884924139
191,0.35344827586206895,0.3793103448275862,0.07630024838548084
192,0.35344827586206895,0.41379310344827586,-0.011223662350713029
193,0.35344827586206895,0.4482758620689655,-0.3337409993546278
194,0.35344827586206895,0.48275862068965514,0.14950761729478676
195,0.35344827586206895,0.5172413793103449,-0.049013237492070885
196,0.35344827586206895,0.5517241379310345,0.22051158606104782
197,0.35344827586206895,0.5862068965517241,0.2352869011324947
198,0.35344827586206895,0.6206896551724138,0.618067414080197
199,0.35344827586206895,0.6551724137931034,0.3818651284103977
200,0.35344827586206895,0.6896551724137931,-0.10548052512641246
201,0.35344827586206895,0.7241379310344828,-0.06839405073597897
202,0.35344827586206895,0.7586206896551724,0.31418845596774664
203,0.35344827586206895,0.7931034482758621,0.1872182087778851
204,0.35344827586206895,0.8275862068965517,0.18289472174216917
205,0.35344827586206895,0.8620689655172413,-0.46198744123166696
206,0.35344827586206895,0.896551724137931,-0.006950321256838753
207,0.35344827586206895,0.9310344827586207,-0.2108659740587682
208,0.35344827586206895,0.9655172413793103,0.07997845686949664
209,0.35344827586206895,1.0,-0.028042968469416556
210,0.3706896551724138,0.0,0.26005111659788344
211,0.3706896551724138,0.034482758620689655,0.09063377576894345
212,0.3706896551724138,0.06896551724137931,0.22466513203113606
213,0.3706896551724138,0.10344827586206896,-0.1332625990674123
214,0.3706896551724138,0.13793103448275862,-0.2698417874052144
215,0.3706896551724138,0.1724137931034483,-0.11715705520072814
216,0.3706896551724138,0.20689655172413793,-0.004862975388983027
217,0.3706896551724138,0.24137931034482757,0.10832906730145195
218,0.3706896551724138,0.27586206896551724,0.6455168430545292
219,0.3706896551724138,0.3103448275862069,-0.01207347190304077
220,0.3706896551724138,0.3448275862068966,-0.2731271429979363
221,0.3706896551724138,0.3793103448275862,-0.09885193591411041
222,0.3706896551724138,0.41379310344827586,-0.1324559927560269
223,0.3706896551724138,0.4482758620689655,0.13756613536384635
224,0.3706896551724138,0.48275862068965514,-0.44022771841274994
225,0.3706896551724138,0.5172413793103449,0.01807485548580906
226,0.3706896551724138,0.5517241379310345,0.044716153704393025
227,0.3706896551724138,0.5862068965517241,0.06633743891436451
228,0.3706896551724138,0.6206896551724138,-0.17066173399010362
229,0.3706896551724138,0.6551724137931034,-0.06797763706743057
230,0.3706896551724138,0.6896551724137931,-0.4068745454235804
231,0.3706896551724138,0.7241379310344828,-0.140948538103484
232,0.3706896551724138,0.7586206896551724,-0.15510327886191935
233,0.3706896551724138,0.7931034482758621,0.11887144178897871
234,0.3706896551724138,0.8275862068965517,-0.33033783766340363
235,0.3706896551724138,0.8620689655172413,0.22319945763142668
236,0.3706896551724138,0.896551724137931,0.42699558414039107
237,0.3706896551724138,0.9310344827586207,-0.5914242928610093
238,0.3706896551724138,0.9655172413793103,0.12178820879374312
239,0.3706896551724138,1.0,0.1934022957229273
240,0.3879310344827586,0.0,-0.18212486444349402
241,0.3879310344827586,0.034482758620689655,-0.11350623266537076
242,0.3879310344827586,0.06896551724137931,-0.037965879310558746
243,0.3879310344827586,0.10344827586206896,-0.08508310840049381
244,0.3879310344827586,0.13793103448275862,-0.0882894197277492
245,0.3879310344827586,0.1724137931034483,-0.47885823037999337
246,0.3879310344827586,0.20689655172413793,0.3292375899380343
247,0.3879310344827586,0.24137931034482757,0.30846245486766316
248,0.3879310344827586,0.27586206896551724,-0.23238978834405796
249,0.3879310344827586,0.3103448275862069,-0.4189783793721468
250,0.3879310344827586,0.3448275862068966,0.14887567898650245
251,0.3879310344827586,0.3793103448275862,-0.1645108485180189
252,0.3879310344827586,0.41379310344827586,0.040558046663079904
253,0.3879310344827586,0.4482758620689655,-0.09123669061288434
254,0.3879310344827586,0.48275862068965514,0.1975825003057676
255,0.3879310344827586,0.5172413793103449,0.1984997553302874
256,0.3879310344827586,0.5517241379310345,-0.20731353670388122
257,0.3879310344827586,0.5862068965517241,-0.39524684439858726
258,0.3879310344827586,0.6206896551724138,-0.4522681135243091
259,0.3879310344827586,0.6551724137931034,0.17439410831634433
260,0.3879310344827586,0.6896551724137931,-0.3396740736525797
261,0.3879310344827586,0.7241379310344828,-0.14480467265676786
262,0.3879310344827586,0.7586206896551724,-0.17037543955728804
263,0.3879310344827586,0.7931034482758621,-0.015019227505584654
264,0.3879310344827586,0.8275862068965517,-0.5532228016704306
265,0.3879310344827586,0.8620689655172413,0.05393674194109387
266,0.3879310344827586,0.896551724137931,0.1496831496669159
267,0.3879310344827586,0.9310344827586207,0.02526345344133183
268,0.3879310344827586,0.9655172413793103,-0.08882462048527763
269,0.3879310344827586,1.0,0.027828618933938117
270,0.4051724137931034,0.0,0.11401324161146577
271,0.4051724137931034,0.034482758620689655,-0.792169358979043
272,0.4051724137931034,0.06896551724137931,0.5588320880716269
273,0.4051724137931034,0.10344827586206896,0.11145523505369327
274,0.4051724137931034,0.13793103448275862,-0.18640245211057715
275,0.4051724137931034,0.1724137931034483,-0.1117009643393146
276,0.4051724137931034,0.20689655172413793,0.14106907924262527
277,0.4051724137931034,0.24137931034482757,-0.03317255400981901
278,0.4051724137931034,0.27586206896551724,-0.5801955622232841
279,0.4051724137931034,0.3103448275862069,0.5898551032455198
280,0.4051724137931034,0.3448275862068966,-0.031583044923563605
281,0.4051724137931034,0.3793103448275862,0.2914779176330856
282,0.4051724137931034,0.41379310344827586,-0.19772852793839749
283,0.4051724137931034,0.4482758620689655,0.4389648726416565
284,0.4051724137931034,0.48275862068965514,0.08181248254065131
285,0.4051724137931034,0.5172413793103449,0.17395538127870022
286,0.4051724137931034,0.5517241379310345,-0.29864381889912994
287,0.4051724137931034,0.5862068965517241,0.34604151133791455
288,0.4051724137931034,0.6206896551724138,0.19709090415279668
289,0.4051724137931034,0.6551724137931034,0.37195606558999955
290,0.4051724137931034,0.6896551724137931,-0.17945358846902254
291,0.4051724137931034,0.7241379310344828,-0.13743631956022506
292,0.4051724137931034,0.7586206896551724,0.6582619136239833
293,0.4051724137931034,0.7931034482758621,-0.3028616636347278
294,0.4051724137931034,0.8275862068965517,-0.03884277162237738
295,0.4051724137931034,0.8620689655172413,0.3248261036007701
296,0.4051724137931034,0.896551724137931,0.0279214193471016
297,0.4051724137931034,0.9310344827586207,0.16655819421522675
298,0.4051724137931034,0.9655172413793103,-0.11412829407510719
299,0.4051724137931034,1.0,0.10573025367071964
300,0.4224137931034483,0.0,-0.37329338621009045
301,0.4224137931034483,0.034482758620689655,0.4737516227480537
302,0.4224137931034483,0.06896551724137931,-0.033761155751019935
303,0.4224137931034483,0.10344827586206896,-0.1943366297133858
304,0.4224137931034483,0.13793103448275862,0.19039516629483266
305,0.4224137931034483,0.1724137931034483,-0.13163422496815808
306,0.4224137931034483,0.20689655172413793,-0.3812167061150724
307,0.4224137931034483,0.24137931034482757,-0.38477643022787295
308,0.4224137931034483,0.27586206896551724,0.1982209007686093
309,0.4224137931034483,0.3103448275862069,-0.0455924108989334
310,0.4224137931034483,0.3448275862068966,-0.038200445619554046
311,0.4224137931034483,0.3793103448275862,0.30792680170750364
312,0.4224137931034483,0.41379310344827586,-0.3219502310733553
313,0.4224137931034483,0.4482758620689655,-0.20876507224709281
314,0.4224137931034483,0.48275862068965514,-0.10996565976607871
315,0.4224137931034483,0.5172413793103449,0.02695759694773543
316,0.4224137931034483,0.5517241379310345,-0.012048986083022553
317,0.4224137931034483,0.5862068965517241,-0.08196776925425932
318,0.4224137931034483,0.6206896551724138,-0.01760754345589926
319,0.4224137931034483,0.6551724137931034,-0.030658650368907053
320,0.4224137931034483,0.6896551724137931,-0.2056012538719408
321,0.4224137931034483,0.7241379310344828,-0.23228371101545067
322,0.4224137931034483,0.7586206896551724,0.07843324506398272
323,0.4224137931034483,0.7931034482758621,-0.2545471665701508
324,0.4224137931034483,0.8275862068965517,-0.3306729311973867
325,0.4224137931034483,0.8620689655172413,-0.0892263574644838
326,0.4224137931034483,0.896551724137931,-0.0450477189039474
327,0.4224137931034483,0.9310344827586207,0.6447781420852027
328,0.4224137931034483,0.9655172413793103,-0.2013429359589239
329,0.4224137931034483,1.0,0.2695030642769985
330,0.4396551724137931,0.0,0.21348238120132337
331,0.4396551724137931,0.034482758620689655,-0.3396985586296389
332,0.4396551724137931,0.06896551724137931,0.22092942211502847
333,0.4396551724137931,0.10344827586206896,-0.33825161148380506
334,0.4396551724137931,0.13793103448275862,-0.7597634965704974
335,0.4396551724137931,0.1724137931034483,0.17323414981696592
336,0.4396551724137931,0.20689655172413793,-0.5016830238393484
337,0.4396551724137931,0.24137931034482757,0.1288384176588328
338,0.4396551724137931,0.27586206896551724,-0.19543168506777617
339,0.4396551724137931,0.3103448275862069,0.47415737033996347
340,0.4396551724137931,0.3448275862068966,0.305288399804574
341,0.4396551724137931,0.3793103448275862,-0.12953880110039648
342,0.4396551724137931,0.41379310344827586,-0.19652503172248068
343,0.4396551724137931,0.4482758620689655,-0.3468792580268916
344,0.4396551724137931,0.48275862068965514,-0.12597789494074038
345,0.4396551724137931,0.5172413793103449,-0.08010157005271688
346,0.4396551724137931,0.5517241379310345,-0.10419815554048154
347,0.4396551724137931,0.5862068965517241,0.04477253007781828
348,0.4396551724137931,0.6206896551724138,0.16529185649396524
349,0.4396551724137931,0.6551724137931034,0.09990127342662114
350,0.4396551724137931,0.6896551724137931,-0.21832683540184086
351,0.4396551724137931,0.7241379310344828,-0.41079756394330813
352,0.4396551724137931,0.7586206896551724,0.3898662423149918
353,0.4396551724137931,0.7931034482758621,-0.1969854812999822
354,0.4396551724137931,0.8275862068965517,-0.18636959998143404
355,0.4396551724137931,0.8620689655172413,-0.1489112320860317
356,0.4396551724137931,0.896551724137931,-0.5265913000447567
357,0.4396551724137931,0.9310344827586207,-0.13656400115442477
358,0.4396551724137931,0.9655172413793103,-0.13704451828798506
359,0.4396551724137931,1.0,0.17724522809814644
360,0.4568965517241379,0.0,0.19955918545923887
361,0.4568965517241379,0.034482758620689655,0.00107739688179124
362,0.4568965517241379,0.06896551724137931,0.2662423926040868
363,0.4568965517241379,0.10344827586206896,0.09713285251464629
364,0.4568965517241379,0.13793103448275862,-0.004480603315015648
365,0.4568965517241379,0.1724137931034483,0.04597947665663514
366,0.4568965517241379,0.20689655172413793,-0.05447242673754267
367,0.4568965517241379,0.24137931034482757,-0.11281414686670009
368,0.4568965517241379,0.27586206896551724,-0.07649529625541898
369,0.4568965517241379,0.3103448275862069,-0.32228895184857337
370,0.4568965517241379,0.3448275862068966,0.0801262015189417
371,0.4568965517241379,0.3793103448275862,-0.28374960312273734
372,0.4568965517241379,0.41379310344827586,0.2404660754496104
373,0.4568965517241379,0.4482758620689655,-0.07127388004598538
374,0.4568965517241379,0.48275862068965514,0.014141423328597354
375,0.4568965517241379,0.5172413793103449,0.14109622179455897
376,0.4568965517241379,0.5517241379310345,0.18380413287512226
377,0.4568965517241379,0.5862068965517241,-0.44874954532384365
378,0.4568965517241379,0.6206896551724138,-0.059115336046849064
379,0.4568965517241379,0.6551724137931034,0.25147968916593777
380,0.4568965517241379,0.6896551724137931,-0.48517309126635844
381,0.4568965517241379,0.7241379310344828,0.11065156439858954
382,0.4568965517241379,0.7586206896551724,-0.6444469226863399
383,0.4568965517241379,0.7931034482758621,-0.2921448124673153
384,0.4568965517241379,0.8275862068965517,0.011037300525768028
385,0.4568965517241379,0.8620689655172413,-0.4733471720919868
386,0.4568965517241379,0.896551724137931,-0.2815744964811859
387,0.4568965517241379,0.9310344827586207,-0.4205242878467391
388,0.4568965517241379,0.9655172413793103,0.4708956949164456
389,0.4568965517241379,1.0,0.046922215853523984
390,0.47413793103448276,0.0,0.16208293652933412
391,0.47413793103448276,0.034482758620689655,-0.06362145729004413
392,0.47413793103448276,0.06896551724137931,-0.10098049964491403
393,0.47413793103448276,0.10344827586206896,-0.4618497681860093
394,0.47413793103448276,0.13793103448275862,-0.08338210364224652
395,0.47413793103448276,0.1724137931034483,-0.21756920337474953
396,0.47413793103448276,0.20689655172413793,0.2451211212263818
397,0.47413793103448276,0.24137931034482757,0.3260291047593067
398,0.47413793103448276,0.27586206896551724,0.41902249016405074
399,0.47413793103448276,0.3103448275862069,0.24358626841749484
400,0.47413793103448276,0.3448275862068966,-0.17104398197799603
401,0.47413793103448276,0.3793103448275862,-0.31882771027439843
402,0.47413793103448276,0.41379310344827586,0.21904662332716746
403,0.47413793103448276,0.4482758620689655,0.1017979478492254
404,0.47413793103448276,0.48275862068965514,-0.5052967001934373
405,0.47413793103448276,0.5172413793103449,0.10156622649821974
406,0.47413793103448276,0.5517241379310345,0.23271994928224754
407,0.47413793103448276,0.5862068965517241,0.016835882623322845
408,0.47413793103448276,0.6206896551724138,-0.05287247743124044
409,0.47413793103448276,0.6551724137931034,-0.23075671074753018
410,0.47413793103448276,0.6896551724137931,-0.4132956284466823
411,0.47413793103448276,0.7241379310344828,0.22865655695429357
412,0.47413793103448276,0.7586206896551724,-0.0883184127919168
413,0.47413793103448276,0.7931034482758621,-0.06670476044105507
414,0.47413793103448276,0.8275862068965517,0.4950631962626095
415,0.47413793103448276,0.8620689655172413,0.19557174481691156
416,0.47413793103448276,0.896551724137931,0.10595000036602917
417,0.47413793103448276,0.9310344827586207,0.04058908719635305
418,0.47413793103448276,0.9655172413793103,0.4342842459330779
419,0.47413793103448276,1.0,0.49131123069034127
420,0.49137931034482757,0.0,0.2655728889941509
421,0.49137931034482757,0.034482758620689655,0.16634988325654979
422,0.49137931034482757,0.06896551724137931,-0.5984580203446128
423,0.49137931034482757,0.10344827586206896,0.03534911835243045
424,0.49137931034482757,0.13793103448275862,-0.03717341548391543
425,0.49137931034482757,0.1724137931034483,0.026843779824448206
426,0.49137931034482757,0.20689655172413793,0.2694417392350051
427,0.49137931034482757,0.24137931034482757,-0.7827649049113018
428,0.49137931034482757,0.27586206896551724,-0.16266058670576716
429,0.49137931034482757,0.3103448275862069,0.07711552998307468
430,0.49137931034482757,0.3448275862068966,-0.13338444172936073
431,0.49137931034482757,0.3793103448275862,-0.4048303180360741
432,0.49137931034482757,0.41379310344827586,0.24827528197051296
433,0.49137931034482757,0.4482758620689655,0.07910625881317944
434,0.49137931034482757,0.48275862068965514,-0.2774584486984242
435,0.49137931034482757,0.5172413793103449,0.0899477727188068
436,0.49137931034482757,0.5517241379310345,0.23473877487137024
437,0.49137931034482757,0.5862068965517241,0.001512184656960244
438,0.49137931034482757,0.6206896551724138,0.22873280098028478
439,0.49137931034482757,0.6551724137931034,0.02236005004618896
440,0.49137931034482757,0.6896551724137931,-0.11292256647267267
441,0.49137931034482757,0.7241379310344828,-0.3312630046856894
442,0.49137931034482757,0.7586206896551724,-0.024551647706175066
443,0.49137931034482757,0.7931034482758621,0.05551226801307762
444,0.49137931034482757,0.8275862068965517,0.25023793188209453
445,0.49137931034482757,0.8620689655172413,-0.032887848139207636
446,0.49137931034482757,0.896551724137931,0.13069017320599738
447,0.49137931034482757,0.9310344827586207,-0.27560343249535096
448,0.49137931034482757,0.9655172413793103,-0.22360833023643575
449,0.49137931034482757,1.0,-0.03153979972196793
450,0.5086206896551724,0.0,-0.3013224182814325
451,0.5086206896551724,0.034482758620689655,0.2343565249499089
452,0.5086206896551724,0.06896551724137931,0.13232295123388774
453,0.5086206896551724,0.10344827586206896,0.07974164696927241
454,0.5086206896551724,0.13793103448275862,0.09682975006169844
455,0.5086206896551724,0.1724137931034483,0.577441017567085
456,0.5086206896551724,0.20689655172413793,-0.1339611965619416
457,0.5086206896551724,0.24137931034482757,-0.6289832244287308
458,0.5086206896551724,0.27586206896551724,0.056942913398990054
459,0.5086206896551724,0.3103448275862069,-0.01445815456047597
460,0.5086206896551724,0.3448275862068966,-0.14786258357440094
461,0.5086206896551724,0.3793103448275862,-0.2796656741025057
462,0.5086206896551724,0.41379310344827586,-0.12548272051489942
463,0.5086206896551724,0.4482758620689655,0.05181097977652037
464,0.5086206896551724,0.48275862068965514,-0.14366191446929663
465,0.5086206896551724,0.5172413793103449,0.6892724798696425
466,0.5086206896551724,0.5517241379310345,-0.2744298233237566
467,0.5086206896551724,0.5862068965517241,-0.22660496077362047
468,0.5086206896551724,0.6206896551724138,-0.653891440004151
469,0.5086206896551724,0.6551724137931034,0.07185269000615344
470,0.5086206896551724,0.6896551724137931,-0.5761161793713601
471,0.5086206896551724,0.7241379310344828,-0.15412989524985754
472,0.5086206896551724,0.7586206896551724,-0.07876300987444484
473,0.5086206896551724,0.7931034482758621,-0.20277941881339664
474,0.5086206896551724,0.8275862068965517,0.4968207649870031
475,0.5086206896551724,0.8620689655172413,0.2841126832329997
476,0.5086206896551724,0.896551724137931,0.37689625037187874
477,0.5086206896551724,0.9310344827586207,-0.25211966244283385
478,0.5086206896551724,0.9655172413793103,0.3224554470041624
479,0.5086206896551724,1.0,0.1417145560982749
480,0.5258620689655172,0.0,0.22040169962195585
481,0.5258620689655172,0.034482758620689655,0.2941253796522192
482,0.5258620689655172,0.06896551724137931,-0.2596466417025866
483,0.5258620689655172,0.10344827586206896,-0.12123360599368614
484,0.5258620689655172,0.13793103448275862,0.2464560032367003
485,0.5258620689655172,0.1724137931034483,-0.7587483122785522
486,0.5258620689655172,0.20689655172413793,0.4323794521637729
487,0.5258620689655172,0.24137931034482757,0.15803773263073828
488,0.5258620689655172,0.27586206896551724,-0.013058274474352816
489,0.5258620689655172,0.3103448275862069,0.06300218735919237
490,0.5258620689655172,0.3448275862068966,-0.2942672238025647
491,0.5258620689655172,0.3793103448275862,-0.09998381845402993
492,0.5258620689655172,0.41379310344827586,0.31436695377724966
493,0.5258620689655172,0.4482758620689655,0.3708634206646346
494,0.5258620689655172,0.48275862068965514,0.7703497293038799
495,0.5258620689655172,0.5172413793103449,-0.02112133322297575
496,0.5258620689655172,0.5517241379310345,-0.18815799051571536
497,0.5258620689655172,0.5862068965517241,-0.14692399026856823
498,0.5258620689655172,0.6206896551724138,-0.29086910722496134
499,0.5258620689655172,0.6551724137931034,-0.022244215983100217
500,0.5258620689655172,0.6896551724137931,0.10935212286064803
501,0.5258620689655172,0.7241379310344828,-0.009783508723415392
502,0.5258620689655172,0.7586206896551724,0.31324195590451387
503,0.5258620689655172,0.7931034482758621,-0.06691880038415329
504,0.5258620689655172,0.8275862068965517,-0.0992716149995895
505,0.5258620689655172,0.8620689655172413,-0.16607670767437863
506,0.5258620689655172,0.896551724137931,-0.4664670074955701
507,0.5258620689655172,0.9310344827586207,-0.4479336355167011
508,0.5258620689655172,0.9655172413793103,-0.33690226589648226
509,0.5258620689655172,1.0,0.37183659190421736
510,0.5431034482758621,0.0,0.2557886493971228
511,0.5431034482758621,0.034482758620689655,0.3928468761122828
512,0.5431034482758621,0.06896551724137931,-0.3806319013127148
513,0.5431034482758621,0.10344827586206896,-0.56246419708172
514,0.5431034482758621,0.13793103448275862,-0.1885875200383094
515,0.5431034482758621,0.1724137931034483,0.050233986656008
516,0.5431034482758621,0.20689655172413793,0.14248293568852213
517,0.5431034482758621,0.24137931034482757,0.2994206159908722
518,0.5431034482758621,0.27586206896551724,0.08122276308777561
519,0.5431034482758621,0.3103448275862069,0.4979053659016089
520,0.5431034482758621,0.3448275862068966,-0.06360162312809156
521,0.5431034482758621,0.3793103448275862,-0.2608797765833704
522,0.5431034482758621,0.41379310344827586,-0.48034806156983817
523,0.5431034482758621,0.4482758620689655,-0.25399181659869996
524,0.5431034482758621,0.48275862068965514,0.06917656028146371
525,0.5431034482758621,0.5172413793103449,-0.2539200735296088
526,0.5431034482758621,0.5517241379310345,0.26764070386721633
527,0.5431034482758621,0.5862068965517241,0.4035222017249837
528,0.5431034482758621,0.6206896551724138,-0.6770248300647437
529,0.5431034482758621,0.6551724137931034,0.24687208585647083
530,0.5431034482758621,0.6896551724137931,-0.6398868739033533
531,0.5431034482758621,0.7241379310344828,0.11471401574008214
532,0.5431034482758621,0.7586206896551724,0.34996301834104565
533,0.5431034482758621,0.7931034482758621,0.018530316098164624
534,0.5431034482758621,0.8275862068965517,-0.36562547805835416
535,0.5431034482758621,0.8620689655172413,-0.16726605836507788
536,0.5431034482758621,0.896551724137931,-0.07475584163168592
537,0.5431034482758621,0.9310344827586207,-0.052069938225697984
538,0.5431034482758621,0.9655172413793103,-0.05797052593333345
539,0.5431034482758621,1.0,-0.03139507980266108
540,0.5603448275862069,0.0,0.060994299688619684
541,0.5603448275862069,0.034482758620689655,-0.3453067582094918
542,0.5603448275862069,0.06896551724137931,-0.06914852282006272
543,0.5603448275862069,0.10344827586206896,0.43378890581591584
544,0.5603448275862069,0.13793103448275862,-0.10989869232643365
545,0.5603448275862069,0.1724137931034483,-0.12681031233005652
546,0.5603448275862069,0.20689655172413793,0.30805637248978224
547,0.5603448275862069,0.24137931034482757,-0.7311956189554562
548,0.5603448275862069,0.27586206896551724,0.33753674322522453
549,0.5603448275862069,0.3103448275862069,-0.18054393085861922
550,0.5603448275862069,0.3448275862068966,0.04683673498645332
551,0.5603448275862069,0.3793103448275862,0.027520387406056234
552,0.5603448275862069,0.41379310344827586,0.2692766054915411
553,0.5603448275862069,0.4482758620689655,-0.0764556417815279
554,0.5603448275862069,0.48275862068965514,-0.19372165187555726
555,0.5603448275862069,0.5172413793103449,0.37081308304317107
556,0.5603448275862069,0.5517241379310345,-0.6754782334689086
557,0.5603448275862069,0.5862068965517241,0.005809766201498071
558,0.5603448275862069,0.6206896551724138,-0.38512154932260584
559,0.5603448275862069,0.6551724137931034,-0.21759239664473112
560,0.5603448275862069,0.6896551724137931,0.5746447661323248
561,0.5603448275862069,0.7241379310344828,-0.01274155041595915
562,0.5603448275862069,0.7586206896551724,0.055734199186108904
563,0.5603448275862069,0.7931034482758621,-0.5090179587730261
564,0.5603448275862069,0.8275862068965517,-0.20829847394134163
565,0.5603448275862069,0.8620689655172413,0.056159257351081404
566,0.5603448275862069,0.896551724137931,0.10135934088949088
567,0.5603448275862069,0.9310344827586207,0.1762533012552225
568,0.5603448275862069,0.9655172413793103,0.0024651139764503777
569,0.5603448275862069,1.0,0.15057263098704562
570,0.5775862068965517,0.0,0.12965197503876685
571,0.5775862068965517,0.034482758620689655,-0.5227829745727233
572,0.5775862068965517,0.06896551724137931,0.010573063402899865
573,0.5775862068965517,0.10344827586206896,0.21940068792362963
574,0.5775862068965517,0.13793103448275862,0.16853709163843414
575,0.5775862068965517,0.1724137931034483,-0.10395965999165425
576,0.5775862068965517,0.20689655172413793,-0.23017900215410508
577,0.5775862068965517,0.24137931034482757,-0.31951769266332347
578,0.5775862068965517,0.27586206896551724,-0.03744400329754638
579,0.5775862068965517,0.3103448275862069,0.3237371084456348
580,0.5775862068965517,0.3448275862068966,-0.5576583147090292
581,0.5775862068965517,0.3793103448275862,-0.18854049420842797
582,0.5775862068965517,0.41379310344827586,-0.3256578444076497
583,0.5775862068965517,0.4482758620689655,0.22427357749728574
584,0.5775862068965517,0.48275862068965514,-0.15837417902037168
585,0.5775862068965517,0.5172413793103449,-0.1344679023299404
586,0.5775862068965517,0.5517241379310345,-0.06198559141047114
587,0.5775862068965517,0.5862068965517241,0.12725521454137065
588,0.5775862068965517,0.6206896551724138,-0.11211114232846764
589,0.5775862068965517,0.6551724137931034,-0.8703265870856933
590,0.5775862068965517,0.6896551724137931,0.15523196896786276
591,0.5775862068965517,0.7241379310344828,0.125440845049155
592,0.5775862068965517,0.7586206896551724,-0.06272600809463236
593,0.5775862068965517,0.7931034482758621,-0.3097247487634099
594,0.5775862068965517,0.8275862068965517,0.10050860305181665
595,0.5775862068965517,0.8620689655172413,0.10835300958159622
596,0.5775862068965517,0.896551724137931,-0.1342951093431071
597,0.5775862068965517,0.9310344827586207,-0.06192327730729675
598,0.5775862068965517,0.9655172413793103,-0.26575900072123465
599,0.5775862068965517,1.0,-0.05102545488209404
600,0.5948275862068966,0.0,-0.4429798128809946
601,0.5948275862068966,0.034482758620689655,0.11923394886623871
602,0.5948275862068966,0.06896551724137931,-0.2698195688069411
603,0.5948275862068966,0.10344827586206896,0.06802947080923204
604,0.5948275862068966,0.13793103448275862,-0.40170369036225695
605,0.5948275862068966,0.1724137931034483,-0.1685878988198685
606,0.5948275862068966,0.20689655172413793,-0.031568401447407954
607,0.5948275862068966,0.24137931034482757,-0.4744856605340752
608,0.5948275862068966,0.27586206896551724,0.032899392325740615
609,0.5948275862068966,0.3103448275862069,-0.10832787510854935
610,0.5948275862068966,0.3448275862068966,-0.497816056516923
611,0.5948275862068966,0.3793103448275862,-0.3723550726035188
612,0.5948275862068966,0.41379310344827586,0.17289145259490477
613,0.5948275862068966,0.4482758620689655,0.25587313872894973
614,0.5948275862068966,0.48275862068965514,-0.037688182794276305
615,0.5948275862068966,0.5172413793103449,0.11564623201157072
616,0.5948275862068966,0.5517241379310345,0.06395530380368877
617,0.5948275862068966,0.5862068965517241,0.09417799489363944
618,0.5948275862068966,0.6206896551724138,0.36742400202294084
619,0.5948275862068966,0.6551724137931034,-0.43057097091836344
620,0.5948275862068966,0.6896551724137931,0.19327449496046376
621,0.5948275862068966,0.7241379310344828,-0.1091454158793772
622,0.5948275862068966,0.7586206896551724,-0.06407398121475438
623,0.5948275862068966,0.7931034482758621,-0.08635706584430572
624,0.5948275862068966,0.8275862068965517,-0.10718489047465253
625,0.5948275862068966,0.8620689655172413,-0.3503417690808626
626,0.5948275862068966,0.896551724137931,0.05238262835931464
627,0.5948275862068966,0.9310344827586207,0.47741229508253064
628,0.5948275862068966,0.9655172413793103,-0.01603800584250203
629,0.5948275862068966,1.0,-0.000395726495741636
630,0.6120689655172413,0.0,-0.19637115347333242
631,0.6120689655172413,0.034482758620689655,-0.03356415611946042
632,0.6120689655172413,0.06896551724137931,0.1331904074382945
633,0.6120689655172413,0.10344827586206896,-0.10578355448695512
634,0.6120689655172413,0.13793103448275862,-0.12965829744342888
635,0.6120689655172413,0.1724137931034483,0.11521844004664195
636,0.6120689655172413,0.20689655172413793,-0.26228707709115584
637,0.6120689655172413,0.24137931034482757,0.07214189345053498
638,0.6120689655172413,0.27586206896551724,0.23437765636040622
639,0.6120689655172413,0.3103448275862069,0.3885567261941384
640,0.6120689655172413,0.3448275862068966,-0.025823430650556232
641,0.6120689655172413,0.3793103448275862,0.39074206851620386
642,0.6120689655172413,0.41379310344827586,0.2955456818518623
643,0.6120689655172413,0.4482758620689655,-0.2846321829631618
644,0.6120689655172413,0.48275862068965514,-0.3479824318837574
645,0.6120689655172413,0.5172413793103449,-0.08713246795840583
646,0.6120689655172413,0.5517241379310345,0.2939815693128155
647,0.6120689655172413,0.5862068965517241,-0.020653430731429973
648,0.6120689655172413,0.6206896551724138,-0.17161644504508242
649,0.6120689655172413,0.6551724137931034,0.4434980514424459
650,0.6120689655172413,0.6896551724137931,0.08197271085809897
651,0.6120689655172413,0.7241379310344828,-0.6630269359402119
652,0.6120689655172413,0.7586206896551724,0.09061732179791107
653,0.6120689655172413,0.7931034482758621,0.14858303273453366
654,0.6120689655172413,0.8275862068965517,0.0644596155631725
655,0.6120689655172413,0.8620689655172413,0.128489171494855
656,0.6120689655172413,0.896551724137931,-0.01922160254942335
657,0.6120689655172413,0.9310344827586207,-0.3766845341842098
658,0.6120689655172413,0.9655172413793103,-0.10591542949155812
659,0.6120689655172413,1.0,-0.27017594158751185
660,0.6293103448275862,0.0,-0.26649740308410796
661,0.6293103448275862,0.034482758620689655,-0.36087667117207867
662,0.6293103448275862,0.06896551724137931,0.12928259789704183
663,0.6293103448275862,0.10344827586206896,0.027970327260750598
664,0.6293103448275862,0.13793103448275862,-0.1280472464802023
665,0.6293103448275862,0.1724137931034483,-0.1855251222086823
666,0.6293103448275862,0.20689655172413793,-0.006692315720414906
667,0.6293103448275862,0.24137931034482757,0.3083413508892826
668,0.6293103448275862,0.27586206896551724,-0.5726330615711186
669,0.6293103448275862,0.3103448275862069,0.10767900595739792
670,0.6293103448275862,0.3448275862068966,-0.15591770686222353
671,0.6293103448275862,0.3793103448275862,-0.5384530985655565
672,0.6293103448275862,0.41379310344827586,-0.5559151666182739
673,0.6293103448275862,0.4482758620689655,-0.2607952840386548
674,0.6293103448275862,0.48275862068965514,0.06271701594087008
675,0.6293103448275862,0.5172413793103449,0.11230369542288332
676,0.6293103448275862,0.5517241379310345,-0.2682804493365101
677,0.6293103448275862,0.5862068965517241,0.2905774261180699
678,0.6293103448275862,0.6206896551724138,0.406566713290316
679,0.6293103448275862,0.6551724137931034,0.11316759570187433
680,0.6293103448275862,0.6896551724137931,-0.16897219080231737
681,0.6293103448275862,0.7241379310344828,0.32126262414581946
682,0.6293103448275862,0.7586206896551724,0.21582734161809666
683,0.6293103448275862,0.7931034482758621,0.24783068895854798
684,0.6293103448275862,0.8275862068965517,-0.18756104999186612
685,0.6293103448275862,0.8620689655172413,-0.8098727157927721
686,0.6293103448275862,0.896551724137931,0.6047974347096216
687,0.6293103448275862,0.9310344827586207,-0.46025097241426677
688,0.6293103448275862,0.9655172413793103,-0.010219449102920322
689,0.6293103448275862,1.0,0.6802129574913572
690,0.646551724137931,0.0,0.09445050179267829
691,0.646551724137931,0.034482758620689655,0.2712132781594959
692,0.646551724137931,0.06896551724137931,-0.42925616268048933
693,0.646551724137931,0.10344827586206896,-0.5079048442096303
694,0.646551724137931,0.13793103448275862,-0.15220079770844414
695,0.646551724137931,0.1724137931034483,0.311642781267
696,0.646551724137931,0.20689655172413793,-0.09892841361351713
697,0.646551724137931,0.24137931034482757,-0.22703894887757106
698,0.646551724137931,0.27586206896551724,0.056562082841419274
699,0.646551724137931,0.3103448275862069,0.3091243481363615
700,0.646551724137931,0.3448275862068966,-0.4128400568781062
701,0.646551724137931,0.3793103448275862,-0.3458694268923862
702,0.646551724137931,0.41379310344827586,-0.22533407271696176
703,0.646551724137931,0.4482758620689655,0.3127538213463118
704,0.646551724137931,0.48275862068965514,0.06709186455678054
705,0.646551724137931,0.5172413793103449,0.6091866887344125
706,0.646551724137931,0.5517241379310345,0.2675559216660331
707,0.646551724137931,0.5862068965517241,-0.010027193391334396
708,0.646551724137931,0.6206896551724138,0.3614508108825046
709,0.646551724137931,0.6551724137931034,0.06042771792339372
710,0.646551724137931,0.6896551724137931,-0.20140610071641282
711,0.646551724137931,0.7241379310344828,0.1942785269271721
712,0.646551724137931,0.7586206896551724,-0.19895047253173795
713,0.646551724137931,0.7931034482758621,-0.08297060022967621
714,0.646551724137931,0.8275862068965517,0.37936648455942373
715,0.646551724137931,0.8620689655172413,-0.028937567490685528
716,0.646551724137931,0.896551724137931,-0.2294689678118938
717,0.646551724137931,0.9310344827586207,-0.1326679118387119
718,0.646551724137931,0.9655172413793103,0.29194016731104944
719,0.646551724137931,1.0,-0.1578687638333512
720,0.6637931034482758,0.0,-0.1105345276716133
721,0.6637931034482758,0.034482758620689655,-0.14579792560960816
722,0.6637931034482758,0.06896551724137931,0.052550141240088555
723,0.6637931034482758,0.10344827586206896,-0.11013993153588808
724,0.6637931034482758,0.13793103448275862,-0.457667442563582
725,0.6637931034482758,0.1724137931034483,-0.25348026909858296
726,0.6637931034482758,0.20689655172413793,-0.26651115471612524
727,0.6637931034482758,0.24137931034482757,0.35523410984432996
728,0.6637931034482758,0.27586206896551724,0.2321925834597264
729,0.6637931034482758,0.3103448275862069,0.167788394114236
730,0.6637931034482758,0.3448275862068966,-0.14438809064697428
731,0.6637931034482758,0.3793103448275862,-0.23308329771256323
732,0.6637931034482758,0.41379310344827586,-0.14500502904495916
733,0.6637931034482758,0.4482758620689655,-0.30053717215762116
734,0.6637931034482758,0.48275862068965514,0.7134858261677163
735,0.6637931034482758,0.5172413793103449,-0.6415204709632577
736,0.6637931034482758,0.5517241379310345,0.16114529573537403
737,0.6637931034482758,0.5862068965517241,-0.3670149422835792
738,0.6637931034482758,0.6206896551724138,-0.029812426141340755
739,0.6637931034482758,0.6551724137931034,-0.28228626928392414
740,0.6637931034482758,0.6896551724137931,-0.33646541785218026
741,0.6637931034482758,0.7241379310344828,-0.32577037169570333
742,0.6637931034482758,0.7586206896551724,0.5014246153548739
743,0.6637931034482758,0.7931034482758621,-0.03799669208845485
744,0.6637931034482758,0.8275862068965517,-0.21877205556516752
745,0.6637931034482758,0.8620689655172413,0.15879627545224942
746,0.6637931034482758,0.896551724137931,0.0029569470189426722
747,0.6637931034482758,0.9310344827586207,0.20572393124047222
748,0.6637931034482758,0.9655172413793103,-0.5212161874108086
749,0.6637931034482758,1.0,0.08674397270342897
750,0.6810344827586207,0.0,0.22076995345782335
751,0.6810344827586207,0.034482758620689655,-0.47474236888987537
752,0.6810344827586207,0.06896551724137931,0.12805579554951785
753,0.6810344827586207,0.10344827586206896,0.4846233065223316
754,0.6810344827586207,0.13793103448275862,-0.0042450581013436335
755,0.6810344827586207,0.1724137931034483,0.2346874105785175
756,0.6810344827586207,0.20689655172413793,0.19159155723168855
757,0.6810344827586207,0.24137931034482757,-0.20214448500302198
758,0.6810344827586207,0.27586206896551724,0.011361924167570049
759,0.6810344827586207,0.3103448275862069,-0.4477127745318864
760,0.6810344827586207,0.3448275862068966,-0.12894372488643605
761,0.6810344827586207,0.3793103448275862,0.07591084999035312
762,0.6810344827586207,0.41379310344827586,0.20660014106794233
763,0.6810344827586207,0.4482758620689655,0.0070320357851176045
764,0.6810344827586207,0.48275862068965514,0.20570963718376153
765,0.6810344827586207,0.5172413793103449,-0.31511606084439137
766,0.6810344827586207,0.5517241379310345,-0.029056364158534742
767,0.6810344827586207,0.5862068965517241,0.005508395575164919
768,0.6810344827586207,0.6206896551724138,0.5284546419084676
769,0.6810344827586207,0.6551724137931034,-0.06119047320002407
770,0.6810344827586207,0.6896551724137931,-0.14257618228405225
771,0.6810344827586207,0.7241379310344828,0.006100349669585317
772,0.6810344827586207,0.7586206896551724,-0.2626038413914125
773,0.6810344827586207,0.7931034482758621,0.05507252830434748
774,0.6810344827586207,0.8275862068965517,-0.10430149044178791
775,0.6810344827586207,0.8620689655172413,-0.5118078708689097
776,0.6810344827586207,0.896551724137931,-0.016739014609674526
777,0.6810344827586207,0.9310344827586207,-0.09072659826577122
778,0.6810344827586207,0.9655172413793103,-0.4664066577337095
779,0.6810344827586207,1.0,-0.019181187032720506
780,0.6982758620689655,0.0,0.42553027487842293
781,0.6982758620689655,0.034482758620689655,0.14894392807877535
782,0.6982758620689655,0.06896551724137931,0.1748363407803308
783,0.6982758620689655,0.10344827586206896,-0.38328477873801214
784,0.6982758620689655,0.13793103448275862,0.13625667683492068
785,0.6982758620689655,0.1724137931034483,0.042414166108593734
786,0.6982758620689655,0.20689655172413793,0.15115578238126617
787,0.6982758620689655,0.24137931034482757,0.12075103477395019
788,0.6982758620689655,0.27586206896551724,-0.3885087787153753
789,0.6982758620689655,0.3103448275862069,-0.01182880330227641
790,0.6982758620689655,0.3448275862068966,-0.21653453155004745
791,0.6982758620689655,0.3793103448275862,-0.014309741224234883
792,0.6982758620689655,0.41379310344827586,-0.25640026482909445
793,0.6982758620689655,0.4482758620689655,0.3749915334688561
794,0.6982758620689655,0.48275862068965514,-0.24542068241266923
795,0.6982758620689655,0.5172413793103449,-0.2568406161330103
796,0.6982758620689655,0.5517241379310345,0.02131040186958672
797,0.6982758620689655,0.5862068965517241,-0.30774259125828424
798,0.6982758620689655,0.6206896551724138,-0.12133237212367591
799,0.6982758620689655,0.6551724137931034,-0.23713274215370342
800,0.6982758620689655,0.6896551724137931,0.4031920182541748
801,0.6982758620689655,0.7241379310344828,0.22451537909462074
802,0.6982758620689655,0.7586206896551724,-0.016419862418684185
803,0.6982758620689655,0.7931034482758621,-0.1117763006211475
804,0.6982758620689655,0.8275862068965517,0.2688336041643181
805,0.6982758620689655,0.8620689655172413,0.11577259437796802
806,0.6982758620689655,0.896551724137931,0.14230068705224477
807,0.6982758620689655,0.9310344827586207,-0.007483496384071566
808,0.6982758620689655,0.9655172413793103,-0.4823514365061235
809,0.6982758620689655,1.0,-0.03213313787415792
810,0.7155172413793103,0.0,-0.1521399769168765
811,0.7155172413793103,0.034482758620689655,0.18430150670282197
812,0.7155172413793103,0.06896551724137931,0.2890978379983397
813,0.7155172413793103,0.10344827586206896,-0.1879860127889053
814,0.7155172413793103,0.13793103448275862,0.13382435265058618
815,0.7155172413793103,0.1724137931034483,0.49596542791020376
816,0.7155172413793103,0.20689655172413793,-0.1907750630201597
817,0.7155172413793103,0.24137931034482757,0.48054906859232505
818,0.7155172413793103,0.27586206896551724,-0.24359595633447056
819,0.7155172413793103,0.3103448275862069,0.006559930173700413
820,0.7155172413793103,0.3448275862068966,-0.0031844605262403573
821,0.7155172413793103,0.3793103448275862,0.0032853999628749643
822,0.7155172413793103,0.41379310344827586,-0.23933658340227007
823,0.7155172413793103,0.4482758620689655,-0.1689094582184085
824,0.7155172413793103,0.48275862068965514,-0.19077722467411412
825,0.7155172413793103,0.5172413793103449,0.09341788440127353
826,0.7155172413793103,0.5517241379310345,0.09429574700294618
827,0.7155172413793103,0.5862068965517241,0.6359840947823596
828,0.7155172413793103,0.6206896551724138,0.3917111446546061
829,0.7155172413793103,0.6551724137931034,-0.14566949775385116
830,0.7155172413793103,0.6896551724137931,0.09281989022748173
831,0.7155172413793103,0.7241379310344828,0.28489085165478845
832,0.7155172413793103,0.7586206896551724,0.008743378382433659
833,0.7155172413793103,0.7931034482758621,-0.019897593841981594
834,0.7155172413793103,0.8275862068965517,0.014735697934254012
835,0.7155172413793103,0.8620689655172413,0.24779332251669367
836,0.7155172413793103,0.896551724137931,-0.24237729223006643
837,0.7155172413793103,0.9310344827586207,-0.0930484196629069
838,0.7155172413793103,0.9655172413793103,0.13440946995613767
839,0.7155172413793103,1.0,0.08898487758690157
840,0.7327586206896551,0.0,0.0684522171018261
841,0.7327586206896551,0.034482758620689655,-0.10565747608680091
842,0.7327586206896551,0.06896551724137931,0.2778673683264391
843,0.7327586206896551,0.10344827586206896,0.6096766420584393
844,0.7327586206896551,0.13793103448275862,0.11611871247891606
845,0.7327586206896551,0.1724137931034483,-0.055193343299954255
846,0.7327586206896551,0.20689655172413793,0.21592579682701216
847,0.7327586206896551,0.24137931034482757,-0.15403789621514
848,0.7327586206896551,0.27586206896551724,-0.21419724134368476
849,0.7327586206896551,0.3103448275862069,0.009373927889631943
850,0.7327586206896551,0.3448275862068966,-0.7379418951342699
851,0.7327586206896551,0.3793103448275862,-0.32970010390057414
852,0.7327586206896551,0.41379310344827586,-0.09941767312024166
853,0.7327586206896551,0.4482758620689655,-0.3866825308993467
854,0.7327586206896551,0.48275862068965514,-0.29504088625489416
855,0.7327586206896551,0.5172413793103449,-0.1247852392737164
856,0.7327586206896551,0.5517241379310345,-0.46941865529445975
857,0.7327586206896551,0.5862068965517241,-0.11602051321709483
858,0.7327586206896551,0.6206896551724138,-0.15293433272366985
859,0.7327586206896551,0.6551724137931034,0.007258630967147434
860,0.7327586206896551,0.6896551724137931,0.3297668658554341
861,0.7327586206896551,0.7241379310344828,0.04928697614081883
862,0.7327586206896551,0.7586206896551724,0.00601772038344675
863,0.7327586206896551,0.7931034482758621,0.02841555915163193
864,0.7327586206896551,0.8275862068965517,0.06496936432032242
865,0.7327586206896551,0.8620689655172413,-0.2904967567456483
866,0.7327586206896551,0.896551724137931,-0.03279294993451377
867,0.7327586206896551,0.9310344827586207,0.0882146405247466
868,0.7327586206896551,0.9655172413793103,-0.3916457092980173
869,0.7327586206896551,1.0,0.24732940651881521
870,0.75,0.0,0.3089645812737685
871,0.75,0.034482758620689655,-0.18039313955696823
872,0.75,0.06896551724137931,-0.06895365470088702
873,0.75,0.10344827586206896,-0.25091152651716375
874,0.75,0.13793103448275862,0.19982299531080489
875,0.75,0.1724137931034483,-0.30320636784168836
876,0.75,0.20689655172413793,-0.0635648600694058
877,0.75,0.24137931034482757,-0.24540568794504902
878,0.75,0.27586206896551724,0.014558364860368428
879,0.75,0.3103448275862069,-0.5126369347113489
880,0.75,0.3448275862068966,0.3789890406759124
881,0.75,0.3793103448275862,-0.275601835487504
882,0.75,0.41379310344827586,0.0171127666046503
883,0.75,0.4482758620689655,-0.060720869934374054
884,0.75,0.48275862068965514,-0.21774700340642802
885,0.75,0.5172413793103449,-0.25365146761026724
886,0.75,0.5517241379310345,0.2675424410149884
887,0.75,0.5862068965517241,-0.1501830266005542
888,0.75,0.6206896551724138,0.07747719561066026
889,0.75,0.6551724137931034,-0.2289991101126785
890,0.75,0.6896551724137931,-0.18490898052793162
891,0.75,0.7241379310344828,0.13492775716795677
892,0.75,0.7586206896551724,0.2658309988888904
893,0.75,0.7931034482758621,-0.050090400664862846
894,0.75,0.8275862068965517,-0.4062628204686963
895,0.75,0.8620689655172413,0.570844594214287
896,0.75,0.896551724137931,-0.2447283737812027
897,0.75,0.9310344827586207,-0.44045354276336784
898,0.75,0.9655172413793103,0.7412641679337577
899,0.75,1.0,-0.1154377982431249
